ID,clubNm,Category,Affilation-1,Affilation-2,Summary-1,costDescription,FeePeriod,actDayDescription,Time,6-1. 만약 요일별로 활동 시작 시간이 다르거나 정확한 활동시간이 정해져있지 않은 경우 자세한 내용을 작성해주세요,locationDescription,Membership,targetPeopleDescription,applyDescription,targetCycleDescription,briefDescription,specDescription,recruitDescription,12. 인스타 아이디를 작성해 주세요,"13. 동아리 페이지에 첨부하고 싶은 사이트가 있다면 링크를 적어주세요. 사이트와 함께 괄호로 적어주세요

예시1. https://cafe.naver.com/newtbn(네이버 카페)
예시2. https://cau-likelion.org/(홈페이지)","14. CA4U에서 해당 동아리/학회의 인스타 활동 사진 및 글을 사용하는 것에 동의하시나요? 
(학생들에게 해당 동아리와 학회의 소개글과 활동내용을 제공하는 데 사용됩니다) "
1,청룡합창단,문화예술,동아리연합회,동아리연합회 소속 중앙동아리,"신입생복학생환영회, 정기 연습, 봄소풍, 봄CT, 창립제, 여름MC, 가을소풍, 가을CT, 정기연주회&강평회, 군송회, 졸업생환송회","35,000",1학기,"화, 목",7:00:00 PM,,청룡합창단 동아리방(107관 학생회관 별관 나동 203호),40,"재학생(휴학생 제외), 휴학생, 신입생, 대학원생",지원 시 무조건 합격,상시모집,중앙대학교 중앙동아리 청룡합창단,"청룡합창단은 ""Love in Harmony""라는 슬로건 아래, 아름다운 하모니를 만들기 위해 다양한 전공과 학번의 학생들이 모인 집단입니다. 1970년 하모니클럽으로 시작하여, 1973년부터 청룡합창단을 공식 명칭으로 사용하여 지금까지 사용해오고 있습니다.  매년 5월 말 ~ 6월 초 창립제와 11월 말 ~ 12월 초에 정기연주회를 가집니다. 이를 위해 학기 중 주 2회 정기 연습을 진행합니다.

청룡합창단은 합창뿐만 아니라 아카펠라, 기타, 피아노 등 다양한 음악 활동을 즐기고 있습니다. 동아리 행사 중 하나인 봄CT에서는 단원들이 조를 이루어 아카펠라를 연습하여 다함께 선보이는 활동을 하는 등, 음악을 사랑하는 동아리입니다.

많은 단원들이  목소리를 모아 하모니를 만들어가며 각자의 대학생활을 보람차게 보내고 있습니다.","🐉🎼청룡합창단 2024-2학기 신입단원 모집🎼🐉

""💙Love in Harmony💙""

 중앙대학교 중앙동아리 🐲청룡합창단에서 2학기를 맞이하여 신입단원을 모집합니다!

 청룡합창단은 1970년 하모니클럽에서 시작되어 지금까지 활동을 이어가고 있는 합창 동아리입니다.

 연주회는 1학기에 진행되는 창립제와 2학기의 정기연주회가 있습니다. 그리고 행사는 신입생복학생환영회, 봄CT, 봄소풍🌸, 여름MC,⛱️ 가을CT🍂, 가을소풍🥮, 졸업생환송회🥲, 강평회🫣, 군송회🫡 등 다양하게 있습니다! (CT는 Chorus training, MC는 Music camp의 약자로 MT라고 생각하시면 편합니다!)

 성부 파트별(베이스💪, 테너🥸, 알토🤓, 소프라노🥺)로 각각 단톡방과 파트장이 있어 단원들 모두 어려움 없이 어울려 활동하고 있습니다.

 상시모집이니 편하게 회장 연락처🥵나 인스타 DM😚으로 연락주세요!
동아리에 대한 자세한 정보는 아래를 참고해주세요!

📌 정기연습
   시간: 매주 화, 목 오후 7시~9시
   장소: 동아리방 (107관 학생회관 나동 203호), 교내 (연습 전 공지)
   ⚠️시험 2주 전부터는 학업에 지장이 없도록, 연습이 없습니다.

📌 동아리방: 107관 나동(별관) 203호
📌 회장 연락처: 010-4270-1595 (조휘준)
📌 인스타: @cheongryong_choir

2학기 개강총회: 9월 3일 화요일
가을CT: 9월 28일 ~ 9월 29일
정기연주회: 24년 1월 11일 💌

   Q. 혼자 가입하는데 잘 활동할 수 있을까 걱정돼요
   A. 청합에서 즐겁게 활동중인 부원들 중 
       혼자 가입한 사람이 많으니 걱정 마세요!
       성부 파트별로 단톡방과 파트장이 있어 
       잘 어울릴 수 있는 분위기에요. 

   Q. 다른 입단 조건이나 오디션이 있나요?
   A. 둘 모두 없습니다!😄
       청룡합창단은 복학생, 재학생, 신입생 등 나이와 성별 전공이
       가지🍆각색🌈인 단원들로 이루어져 있습니다!

   Q. 합창 외에도 추가적으로 할 수 있는 활동이 있나요?
   A. 동아리 방 내에 피아노🎹, 보드게임, 
       기타 6대🎸, 앰프🔊 등. 즐길거리가 많습니다!
       외에도 많은 단원들이 동아리방에서 공부하거나 
       대화를 나누는 등,
       편하게 동아리방에 언제든 방문하셔서
       행복한 삶을 영위하실 수 있습니다!
   
   Q. 고학번인데 신입단원으로 가입 가능할까요?
   A. 함께 노래하며 즐기고 싶은 마음만 있다면 충분해요!
       누구나 환영해요! 😘

   Q. 노래를 잘 할 자신이 없어요… 괜찮을까요?
   A. 물론이죠!! 사실 회장도 노래를 잘 못 불러요👉👈
       합창에서는 개인의 실력보다 모두의 화음
      (🎶HARMONY🎵)이 중요하지 걱정마세요!
       그리고 연습하다보면 노래 실력이 점점 늘거에요!
   
   Q. 알바나 수업 때문에 연습을 다는 참여할 수 없을 것 같아요  🥺
   A. 아쉽지만 사정이 있다면 일주일에 한번이라도 참여해주세요!
       개인적으로 추가 연습이 필요하다면 파트연습이나 
       개인 연습을 동아리 방에서 얼마든지 연습할 수 있어요!!
   
   Q. 공연 영상을 보고 싶어요!!
   A. 청룡합창단 유튜브 채널에서 지난 청룡합창단의 
       발자취를 보실 수 있습니다! ▶️
       지난 창립제 영상을 올려드릴테니 관심 있으시면 봐주세요!!
       https://www.youtube.com/watch?v=V_UmmJq1ckU
   
🇰🇷청룡합창단🐉은 실력 있는 대학 합창단으로서 부천청소년합창대회, 춘천 온세대합창제, 어깨동무합창제 등 여러 대회나 합창제에 참가해 많은 수상경력이 있습니다. 뒤이어 2학기에 있을 의혈문화제나, 롯데콘서트홀에서 진행될 유엔평화음악회에도 청룡합창단이 참여할 예정입니다! 🔥🔥

함께 화음을 만들고,
또 같이 노래하고 싶으시다면
언제든지 연락 주세요! 🎶
",@cheongryong_choir,,예
2,피카통,문화예술,동아리연합회,동아리연합회 소속 중앙동아리,"밴드 공연, 기타 교실",20000,"1년, 1학기",유동적,0,"기타교실은 오후 2-4사이, 밴드 공연 연습은 6-10사이",동아리방,220,재학생(휴학생 제외),"지원 시 무조건 합격, 지원 시 선착순 합격",한 학기 단위 모집,중앙대학교 중앙동아리 피카통,"통기타를 중심으로 드럼, 베이스, 키보드, 보컬 등 여러 세션이 하나가 되는 통기타&어쿠스틱 밴드 동아리 입니다.",글이 복사가 안되네요..ㅠ,cau_picatong,,예
3,쓰리쿠션,운동,동아리연합회,동아리연합회 소속 중앙동아리,"당구 동아리 - 4구, 3구, 포켓볼",20000,1학기,"금, 유동적",5:00:00 PM,.,동아리방 또는 정문 탑당구장(단독 제휴),105,"재학생(휴학생 제외), 휴학생, 신입생",지원 시 무조건 합격,한 학기 단위 모집,중앙대학교 서울캠퍼스 당구동아리 쓰리쿠션,"🎱쓰리쿠션 소개🎱
- 중앙대 유일 당구 중앙동아리이며 모든 당구 종목(4구, 3구, 포켓)으로 활동 가능합니다.
  (현재는 4구, 3구를 배워보려는 회원이 많지만 포켓볼로도 활동 및 알려드릴 수 있습니다!)

- 학교 주변 당구장 중 유일하게 포켓볼, 중대, 대대 테이블 모두 보유하는 당구장(탑당구장)과 단독 대관/가격 협약을 맺고 있습니다. 자주 오시는 분들은 사장님께서 구장 내 개인 큐대도 지급합니다❣️

- 동아리방에 당구 테이블(중대), 큐대, 장갑 등등 다양한 당구 용품들을 갖추고 있습니다. 쓰리쿠션 회원이라면 모두 자유롭게 이용 가능합니다💕

- 정기 모임 외에도 회원들이 자유롭게 당구를 치거나 친목 활동을 할 수 있도록 카카오톡 수다방을 운영하고 있습니다. 수다방을 통해 공강 시간에 시간이 맞는 회원들끼리 밥을 먹거나 번개 모임을 진행할 수 있습니다.","안녕하세요!
중앙대학교 서울캠퍼스 당구동아리 쓰리쿠션에서 24-2학기 신입부원을 모집합니다😲

🎱모집 기간🎱
8/2(금) - 9/8(일)자정

🎱정기 모임 요일(주 1회)🎱
학기초에 부원들에게 투표를 받아 요일 하루를 정할 예정입니다!
필참은 아닙니다! 자유롭게 참여할 수 있습니다.
시험 기간 2주 전부터는 정기 모임을 진행하지 않습니다.

🎱쓰리쿠션 소개🎱
- 중앙대 유일 당구 중앙동아리이며 모든 당구 종목(4구, 3구, 포켓)으로 활동 가능합니다.
  (현재는 4구, 3구를 배워보려는 회원이 많지만 포켓볼로도 활동 및 알려드릴 수 있습니다!)

- 학교 주변 당구장 중 유일하게 포켓볼, 중대, 대대 테이블 모두 보유하는 당구장(탑당구장)과 단독 대관/가격 협약을 맺고 있습니다. 자주 오시는 분들은 사장님께서 구장 내 개인 큐대도 지급합니다❣️

- 동아리방에 당구 테이블(중대), 큐대, 장갑 등등 다양한 당구 용품들을 갖추고 있습니다. 쓰리쿠션 회원이라면 모두 자유롭게 이용 가능합니다💕

- 정기 모임 외에도 회원들이 자유롭게 당구를 치거나 친목 활동을 할 수 있도록 카카오톡 수다방을 운영하고 있습니다. 수다방을 통해 공강 시간에 시간이 맞는 회원들끼리 밥을 먹거나 번개 모임을 진행할 수 있습니다.

🎱가입 대상🎱
당구를 좋아하시는 분들, 당구를 쳐 본 적 없지만 배워보고 싶은 분들, 당구 치며 친목 활동도 즐기고 싶으신 모든 분들!! 모두 환영입니다❣️

🎱회비(20,000원 - 국민은행 943202-00-901718 김동현)🎱

회비는 동아리 홍보, 동아리 내 사업 비용, 동아리방 비품 관리, 소모품 구입, MT, 개총 등 동아리 내부 행사의 지원비, 정기모임 시 당구비 지원(10% 할인) 등에 사용됩니다.

@회비는 지원서 작성 후 원활한 집계를 위해 빠른 시일 내에 납부해주시기 바랍니다!! (지원자, 송금자 명 일치)



🎱이번 학기 프로그램 계획🎱
❣️매주 1회 꾸준한 정기 모임
❣️동아리 활동 우수자 상금, 상품 지급
   (멘토멘티 활동, 번개모임, 정기모임 등 모든 동아리 활동 포함)
❣️쓰리쿠션 개강총회 진행 (9/6 금 예정, 일정 조율에 참고하세요 :) )
❣️동아리원 전체 대상 가을 MT 진행
    (9/28-29(토,일 예정), 일정 조율에 참고하세요:) )
❣️중간고사 이후 중앙대학교 당구대회 개최 계획 중
* 운영진 사정에 따라 일정이 일부 변경될 수 있습니다.

🎱인스타그램🎱
@cau_3cushion

인스타그램 프로필 상단 링크 들어가시면 구글폼으로 연결됩니다!

🎱전화번호🎱
회장 김동현: 010-4652-7041
부회장 황동엽: 010-7229-3368

🎱동아리방🎱
107관 507호

🎱가입방법🎱
1. 구글폼 링크 작성(8/2 - 9/8)
- https://docs.google.com/forms/d/e/1FAIpQLSeoSTcN1KZsEeJwh6czLMfTVlo7pudyB2ZNl3B3an3cChvfjg/viewform?usp=pp_url

2. 9/9(월) 동아리 박람회(의혈문화제) 부스 현장 지원

정성껏 작성해주신 모든 분들은 8/23, 9/9에 동아리 단톡에 순차적으로 초대해 드릴 예정입니다!!

🎱이 외에도 궁금한 점이 있다면 회장 연락처나 인스타그램 DM으로 연락주시면 친절하게 답변드리겠습니다🎱",cau_3cushion,,예
4,쇠똥구리,운동,동아리연합회,동아리연합회 소속 중앙동아리,"볼링 동아리 - 볼링 정기 모임, 교류전, 피크닉, 여름MT",25000,1학기,"목, 금",6:30:00 PM,,방배 오란다 볼링파크,152,"재학생(휴학생 제외), 휴학생, 신입생",지원서를 토대로 선발,한 학기 단위 모집,중앙대학교 중앙동아리 소속 볼링동아리 쇠똥구리,"쇠똥구리는 “쇠똥구리처럼 공을 열심히 잘 굴려보자”라는 뜻으로 창립된  볼링 동아리입니다. 쇠똥구리가 공을 굴리듯 우리도 볼링과 함께 우리의 행복을 크게 굴리는 것을 목표하고 있습니다.

모임은 중앙대학교 근처에 위치한 방배 오란다 볼링파크에서 격주로 정해진 시간마다 정기적으로 진행합니다. 모임은 필수 참여가 아닌 주마다 투표하는 방식으로, 참석할 수 있는 인원들만 자유롭게 참석하여 진행되고 있습니다.

","‼️D-1‼️2024-1 볼링동아리 쇠똥구리 신입회원 모집
안녕하세요. 중앙대학교 유일무이 볼링 중앙동아리 ‘쇠똥구리’에서 2024학년도 1학기 신입회원을 모집합니다 !

📢 모집 일정
3/9(토) ~ 3/12(화) 18시 : 모집 기간
3/13(수) : 합격자 발표
3/15(금) : 개강 파티
3/22(금) : 첫 정기모임

📢 모집 대상
- 중앙대학교 서울캠퍼스 재학생 및 휴학생 (졸업생, 대학원생은 신청이 불가합니다.)
- 신나게 볼링을 즐기고 싶으신 분들 !
- 즐겁게 볼링을 배우고 싶으신 분들 !
- 나이, 학번, 성별, 실력 무관합니다 !

📢 지원 방법
하단의 구글폼 링크로 들어가 지원서 작성하기! (면접 없이 지원서로만 선발이 이루어지니 정성껏 작성 부탁드립니다☺️)
- 구글폼 링크: https://forms.gle/fHhFifhkTGajAc2J6

📢 예정 활동
- 정기모임 🎳: 목요일, 금요일 번갈아 가며 매주 진행될 예정입니다! (3/22, 3/28, 4/5, 4/11, 4/26, 5/10, 5/16, 5/24, 5/30, 6/7, 6/21 예정)
- 번개모임 🎳: 볼링이 치고 싶은 아무때나 자유롭게 만나요!
- 개강, 종강파티 🎉
- 한강피크닉 🧺 (5/3 예정)
- M.T. 🌊
- 볼링대회 👑

✔️ 회비: 한 학기당 25,000원 (재등록 시 15,000원)

✔️ 안내사항
- 쇠똥구리는 전문 볼링 선수 육성 목적 동아리가 아닙니다 ! 다 같이 취미로 볼링을 즐겨봐요 ☺️
- 불미스러운 일이 발생하면 임원진의 회의 하에 퇴출될 수 있습니다.

✔️ QnA
Q. 왕초보도 가입 가능한가요?
A. 당연합니다! 쇠똥구리는 행복을 굴리자는 취지로 설립된 '취미 볼링 동아리'로, 볼링공을 처음 잡아보는 왕초보부터 공 꽤나 굴려본 중고수까지 모두 부담 없이 가입이 가능합니다.

Q. 장비가 필요한가요?
A. 쇠똥구리는 취미 볼링 동아리로, 전문 장비를 필수 준비물로 제한하고 있지 않습니다. 혹시 보유한 개인 장비가 있다면, 편하게 들고 오셔도 됩니다.

✔️ 더 궁금한 점이 있다면 오픈채팅(https://open.kakao.com/o/sOL0iC9e) 또는 쇠똥구리 인스타(@cau_bowling)로 질문해주세요! 친절하게 알려드리겠습니다 😊

🎳 중앙대학교 볼링 중앙동아리 쇠똥구리 🎳",@cau_bowling,,예
5,Dance P.O.zz,취미,동아리연합회,"동아리연합회 소속 준동아리(댄스포즈, 뮤온 등)","새터 공연, 중앙마루 버스킹, 정기공연, 배틀, 외부 공연, 더유니온(수도권대학스트릿댄스동아리퍼포먼스)","40,000",1학기,유동적,6:30:00 PM,"정기모임- 동아리 행사 시즌에 따라 매우 유동적/정기공연 시즌에는 매주 금요일 18:30부터 정기모임있음/부원들 개개인이 참여하는 팀,공연마다 연습시간이 매우 유동적","611호 준동아리 연습실, 3층 연습실, 4층 연습실, 공연연습실1, 공연연습실2, 풍물패연습실",100,"재학생(휴학생 제외), 휴학생, 신입생",지원 시 무조건 합격,기간별로 3번의 리크루팅 진행,중앙대학교 스트릿댄스동아리,중앙대학교 유일무이 스트릿댄스동아리 댄스포즈입니다.,"❤️‍🔥𝐃𝐚𝐧𝐜𝐞 𝐏.𝐎.𝐳𝐳 𝟐𝟖𝐭𝐡 𝐫𝐞𝐜𝐫𝐮𝐢𝐭𝐢𝐧𝐠❤️‍🔥

안녕하세요, 중앙대학교 스트릿댄스동아리 𝐃𝐚𝐧𝐜𝐞 𝐏.𝐎.𝐳𝐳입니다! 신입 기수인 28기 부원들을 모집하고자 합니다 🙌🫶

✔️ 타과생들과 교류하며 친목을 다지고 싶다면?
✔️ 다양한 장르의 춤을 배워보고 싶다면?
✔️ 여러 무대에서 공연하며 추억을 남기고 싶다면?


🔥 모집 기간: 총 4번의 리크루팅이 진행될 예정입니다.
~ 3월 22일까지 1차 리크루팅
~ 4월 25일까지 2차 리크루팅
~ 7월 5일까지 3차 리크루팅 
~ 9월 초까지 4차 리크루팅 

🔥 Q&A
Q1. 어떤 장르들을 배울 수 있나요?
힙합, 걸스힙합, 브레이킹, 하우스, 왁킹, 락킹, 재즈, 걸리쉬, 팝핑, 크럼프 등 다양한 장르들을 배울 수 있습니다!

Q2. 어떤 활동들이 있나요?
- 장르 소개 및 버스킹: 스트릿댄스의 여러 장르를 알아볼 수 있는 시간🕺
- 베이직: 모든 춤의 기초가 되는 기본기를 다지는 시간💃
- 장르별 세션: 세션장을 중심으로 장르 안무를 쉐어하고 익히는 시간👯‍♂️
- 더유니온: 대학연합행사로 다른 학교 학생들과 춤으로 하나 되는 시간🪩
- 정기공연: 학기에 한 번씩 진행되는 동아리 자체 행사로 댄스포즈만의 춤을 보여줄 수 있는 행사🎶

Q3. 춤을 못 추는데 or 안 춰봤는데 가입해도 되나요?
댄스포즈는 입부 오디션이 없는 동아리이며 베이직과 장르별 세션을 통해 기초부터 쌓아 나갈 수 있습니다! 춤을 좋아하고 즐긴다면 누구나 고민하지말고 가입해주세요 🎶☺️

Q4. 복학생인데, 휴학생인데 가입할 수 있나요?
중앙대학교 산하 기구 학생이라면 누구나 가입 가능합니다! 나이, 학번 제한이 없으며 가입 조건도 없으니 도전해보세요❤️‍🔥

Q5. 활동과 연습 일정은 어떻게 정하나요?
연습 일정은 매 행사마다 팀장, 팀원들의 일정을 고려하여 정하고 있습니다. 또한, 시험 2주 전부터는 어떠한 경우라도 동아리 활동을 진행하지 않고, 큰 행사의 경우 한 달 전에 미리 공지합니다!

🔥 가입 신청: 댄스포즈 인스타그램 프로필 링크에 있는 링크트리 접속 후 구글폼 신청서 작성

❗️댄스포즈는 입부 오디션이 따로 존재하지 않습니다! 나이, 학년, 국적 제한 없이 춤에 대한 관심과 열정이 있는 중앙대학교 모든 학생이라면 누구든지 댄스포즈의 문을 두드려주세요❗️


🔥 댄스포즈가 더 궁금하다면?🔎
𝐢𝐧𝐬𝐭𝐚𝐠𝐫𝐚𝐦: @dancepozz_official
𝐘𝐨𝐮𝐭𝐮𝐛𝐞: https://m.youtube.com/c/DancePozz

📩24시간 대기중 ! 빠른 답장을 받고 싶다면 ?
𝐊𝐚𝐤𝐚𝐨𝐭𝐚𝐥𝐤 : https://open.kakao.com/o/snDlvhbg

💬27기 회장 이은주 010-3277-1498
💬27기 부회장 최서인 010-3123-0171


⬇️⬇️⬇️⬇️ 댄스포즈 가입 신청폼 ⬇️⬇️⬇️⬇️

https://docs.google.com/forms/d/e/1FAIpQLScrOVHmFLomvO2IcwMr8mENe80pSgCyqjRuQVSvR6IUY02FQQ/viewform

#중앙대학교 #댄스동아리 #스트릿댄스 #dancepozz #댄스포즈",@dancepozz_official,https://m.youtube.com/c/DancePozz,예
6,CUDS,학술,동아리연합회,동아리연합회 소속 중앙동아리,"영어토론, 정기소모임, 세션, 대회, 친목",25000,1학기,목,6:30:00 AM,,"310관 9층, 동아리방",31,"재학생(휴학생 제외), 휴학생, 신입생",면접을 토대로 선발,한 학기 단위 모집,중앙대학교 중앙동아리 영어토론동아리,중앙대 유일무이 영어 관련 동아리! 자신의 의견을 자유롭게 공유가능한 동아리!,.,cuds_official,,예
7,리베로,운동,동아리연합회,동아리연합회 소속 중앙동아리,축구 정기연슴,20000,1학기,유동적,6:00:00 PM,,중앙대학교 대운동장,66,"재학생(휴학생 제외), 휴학생, 신입생, 졸업생",입단테스트 진행,한 학기 단위 모집,중앙대학교 축구 중앙동아리 리베로,중앙대학교 중앙동아리 소속 축구 동아리 리베로입니다. 매주 실시하는 정기연습과 다양한 축구 활동으로 함께 축구를 즐기시고 싶으시다면 누구나 환영입니다!,없습니다.,cau__libero,,예
8,프리스타일,취미,동아리연합회,동아리연합회 소속 중앙동아리,"보드 동아리 - 스케이트보드&롱보드 정기모임, 봄MT, 웨이크보드, 제주/부산 서핑트립",25000,1학기,"월, 목",5:00:00 PM,,여의도한강공원 스케이트장,190,"재학생(휴학생 제외), 휴학생, 신입생",지원서를 토대로 선발,한 학기 단위 모집,사계절 내내 낭만을 타는 동아리,"안녕하세요☺️
중앙대학교 보드동아리, 🛹“프리스타일”🏂입니다!

📌 활동 안내
📍 S/S 시즌(봄,여름)🌼
- 롱보드와 스케이트보드🛹
- 웨이크보드와 서핑🏄🏻‍♀️
📍 F/W 시즌(가을, 겨울)🍁❄️
- S/S시즌과 마찬가지로 롱보드와 스케이트보드
- 스노우보드를 타며 시즌방 활동🏂
- 겨울시즌 준비를 위해 동아리원들과 함께 샵투어를 통해 장비, 보드복 등을 구매합니다🧤

📌 모집 대상
- 보드 탈 줄 1도 모르지만 관심은 있다!
- 취미 활동을 하고 싶으신 분!
- 학번, 나이, 성별 상관 없이 누구나 환영!
- 스키장 시즌권을 싸게 구매하고 싶으신 분!
- 스노우보드를 타면서 머물 숙소를 원하시는 분!

👍 동아리 혜택
- 동아리 공용 롱보드 및 스케이트보드 사용 가능!
- 최저가 시즌권 구매 및 장비 대여!
- 웨이크보드 업체 연결로 할인 가능!
- 겨울 시즌방 이용 가능!","안녕하세요☺️
중앙대학교 보드동아리, 🛹“프리스타일”🏂입니다!
프리스타일은 사계절 내내 보드를 타며
즐길 수 있는 동아리입니다.

📌 활동 안내
📍 S/S 시즌(봄,여름)🌼🌸
- 롱보드와 스케이트보드🛹
- 웨이크보드와 서핑🏄🏻‍♀️
📍 F/W 시즌(가을, 겨울)🍁❄️
- S/S시즌과 마찬가지로 롱보드와 스케이트보드
- 스노우보드를 타며 시즌방 활동🏂
- 겨울시즌 준비를 위해 동아리원들과 함께 샵투어를 통해 장비, 보드복 등을 구매합니다🧤

📌 모집 대상
- 보드 종류 상관없이 좋아하는 누구나!
- 보드 탈 줄 1도 모르지만 관심은 있다!
- 취미 활동을 하고 싶으신 분!
- 학번, 나이, 성별 상관 없이 누구나 환영!
- 스키장 시즌권을 싸게 구매하고 싶으신 분!
- 스노우보드를 타면서 머물 숙소를 원하시는 분!

👍 동아리 혜택
- 동아리 공용 롱보드 및 스케이트보드 사용 가능!
- 최저가 시즌권 구매 및 장비 대여!
- 웨이크보드 업체 연결로 할인 가능!
- 겨울 시즌방 이용 가능!

📥지원 방식
- 구글폼 작성(에브리타임, 인스타 확인)
- 문의 사항: 오픈채팅방 또는 문자
가입 관련 궁금한 사항은 언제든지 연락 주세요😊
- https://open.kakao.com/o/svrPc8bg
- 회장 이정우(010-4998-1팔5공)
- 홍보부장 민지우(010-2653-1삼3육)

🏷️인스타그램
https://www.instagram.com/cau_freestyle/

💰한 학기당 2만5천원의 회비가 있습니다.
(회비는 공용물품 및 공용장비, 시즌방비, 정모 등
부원들에게 필요한 곳에 쓰입니다!)",Cau_freestyle,,예
9,CUSCM,종교,동아리연합회,동아리연합회 소속 중앙동아리,"기독교 동아리 - 목요예배, 성경 공부 BC, 아침기도회",0,0,"화, 목",6:00:00 PM,,"107관 101호, 107관 103호, CUSCM 선교쎈터",50,"재학생(휴학생 제외), 휴학생, 신입생, 대학원생",지원 시 무조건 합격,상시모집,중앙대학교 중앙동아리 개신교예배 동아리,"76년 역사의 중앙대 최초 동아리🌟

---

샬롬🌟 중앙대 모든 학우분들을 예수님의 이름으로 사랑하고 축복합니다~!!

저희는 CUSCM이며 (학생회관 들어가면 바로 보이는 그 동방! 맞습니다~)

저희를 여러분들께 소개하고 싶습니다!


🙋‍♂️cuscm이란 무슨 동아리인가요?

중앙대기독학생연합회(CUSCM)는 1948년 9월에 학생들과 교직원들에 의해 창립된 중앙대 최초의 선교단체이며,

Chung-ang University Student Christian Mission의 의미를 지니고 있습니다!

저희는 지난 76년간 ‘그리스도에게로 돌아가자, 말씀으로 돌아가자, 성령으로 돌아가자’는 슬로건을 내걸고 캠퍼스 복음화를 위해 힘써왔습니다☺️

🙋‍♂️어떤 활동을 하나요?

저희는 크게 3가지 활동을 하고 있습니다!

1. 월~금 아침 8시에 107관 1층 대학교회에서 드려지는 아침기도회,

2. 화요일 오후 6시 동문 선배, 목사님과 함께 공부하는 성경대학(bible college)

3. 목요일 오후 6시 대학교회에서 드려지는 목요예배까지!

그 외에도 노방전도, 찬양전도, 포스터 선교, 큼식당, 풍성한 식사교제 등 여러 활동이 있어요!

방학 중에는 다빈치 캠퍼스와 연합으로 드려지는 금요예배와

2, 5, 8월 3번의 수련회 또한 있으니 오셔서 함께해요! (진짜 꿀잼 보장)

🙋‍♂️ 누가 올 수 있나요??

저희는 “어떠한” 조건도 없습니다! 예수님을 믿는 분이여도 좋고, 아니어도 좋습니다!

신입생, 재학생, 복학생, 대학원생, 타대생 등등 모두 환영합니다☺️

캠퍼스 내에서 편안하게 쉬어갈 수 있는 곳이 되었으면 좋겠습니다 :)

하나님께서 우리를 이곳으로 부르셨듯,

주님이 부르실 여러분을 기다리고 기대하는 마음을 늘 품고 기도하고 있겠습니다! 😊😊

가입 문의 있으신 분은 편하게 연락주세요! (인스타 디엠, 오픈채팅, 에타 쪽지 등 상관없으니 많관부!)","오늘도 여러 고민들로 시름하고 있는 당신에게 💌

즐거움을 쫓아 살지만 여전히 삶이 우울하고 공허한 당신
최선을 다하지만, 두려움과 불안함 속에 하루하루를 살아가는 당신

인생의 목적을 묻는 질문에
정답을 찾지 못해 방황하고 있지는 않나요?

당.신.은 !
영원히 사랑받는 하나님의 자녀입니다!
나를 지으신 분을 알 때 내가 누구인지 확실히 깨닫게 됩니다!

인생의 근본적인 문제가 해결되는
5월 인생문제대수련회,
지금 바로 신청하세요!
함께해요 우리 ☺️❤️

From. CUSCM 중앙대기독학생연합회 💌

📍일시: 24.05.10(금)~11(토)
📍장소: 남양주 천마산 기도원
📍강사: 최재선 박사님(경제57)
🤍 인스타그램에서 더 자세한 정보를 확인할 수 있어요 :)

🫶🏼 참가신청 구글폼
https://forms.gle/BDfAoHndCvnniF437

💌 문의
인스타그램 @cuscm_seoul",@cuscm_seoul,https://cuscm.or.kr,예
10,루바토(RUBATO),취미,동아리연합회,동아리연합회 소속 중앙동아리,"실내악 행사, 정기연주회",20000,가입시에만,정기모임 없음,,,동아리방,100,"재학생(휴학생 제외), 휴학생, 신입생, 졸업생, 타대생","지원 시 무조건 합격, 연주회의 경우 오디션을 진행하는 파트가 있음",한 학기 단위 모집,중앙대학교 오케스트라 동아리,"중앙대학교 아마추어 오케스트라 RUBATO는 1985년에 음악을 사랑하는 비전공자들의 모임으로 시작하여, 다양한 전공을 공부하고 악기와 음악을 사랑하는 학생들이 매해 열심히 활동을 하고 있는 중앙동아리입니다. 루바토는 매년 여름, 겨울 정기연주회와 동아리 창립제를 비롯하여 여러 활동을 하고 있습니다",https://everytime.kr/418754/v/335294199,rubato_cau1985,,예
11,RFS,학술,경영경제대학,"단과대, 학과(부) 소속 학회",금융투자학회-주식 및 산업 분석 리포트 작성/포트폴리오 운용,30000,1학기,"화, 목",6:30:00 PM,,팀별 회의실,40,"재학생(휴학생 제외), 휴학생, 신입생","지원서를 토대로 선발, 면접을 토대로 선발",한 학기 단위 모집,중앙대학교 경영경제대학 소속 금융투자학회,"R.F.S는 ‘현직에서 경쟁력 있는 인재 배출’을 목표로 하고 있으며, 기업 및 산업 분석 보고서를 작성하는 Research Team과 RFS 펀드를 운용하는 Asset Management Team으로 나누어 활동 중입니다.",https://cafe.naver.com/caurfs/4805,cau_rfs,https://rfscau.com/,예
12,한반도미래연구회,학술,정치국제학과 소모임,"단과대, 학과(부) 소속 소모임, 단과대, 학과(부) 소속 학회","정기 토론 스터디, 릴레이 연사초청 '한국 외교의 길'  특강 프로그램, 통일공감아카데미 고성 1박 2일 견학, 평화를 GREEN다, 통일모의 국무회의 경연대회 참가, 청년과 함께하는 글로벌 정치토크 참가",10000,1학기,목,6:19:00 PM,,"203 814호, 203 611호 등",41,"재학생(휴학생 제외), 휴학생, 신입생",지원 시 무조건 합격,한 학기 단위 모집,통일외교안보 동아리 한반도미래연구회,"안녕하세요 중앙대학교 한반도미래연구회입니다. 저희는 남북한의 현실과 통일 이슈에 대해 함께 의견을 공유하고 배워 나가는 학술 동아리입니다. 남북한 관계, 북한, 국제정치에 대한 이해를 높여 한반도의 미래에 대한 대비를 목적으로 하며, 종교적 색채를 배제하고 특정 정치/사상을 강요하지 않는 비정치적, 비종교적 통일 동아리입니다. 
시험기간을 제외한 매주 목요일 오후 6시에 정기 스터디를 진행하며 주로 대외활동 준비나 발제 진행 등의 활동을 수행합니다. 현재까지 통일모의국무회의 경연대회, 2019 남북대학생 발표경진대회 등의 다수의 대외활동에 참여하였고, 입상하였습니다. 또한, 자체 스터디에 그치지 않고, '한반도청년미래포럼', 'BEYOND THE BOUNDEY', '남북교류협력지원협회' 등 외부 단체와도 협력하여 여러 학술대회, 체육대회 등의 다양한 프로그램에 참여하는 등 중앙대학교 뿐 만 아니라 기타 대학교와의 교류도 정기적으로 하고 있습니다. 
올해는 (1)'한국 외교의 길'특강 프로그램 뿐만 아니라, (2)고성-강릉으로의 통일 현장 견학프로그램, (3)타대학 통일외교안보동아리와의 연합심포지움 행사로 여러분을 맞이할 준비가 되어있습니다.","💡중앙대학교 통일외교안보동아리 한반도미래연구회 신입부원 모집💡

- 통일/남북한/외교/국제정치 등등! 잘 몰라도 괜찮아요
- 천천히 알아가고 싶은 분들도 환영합니다!
- 학생들끼리 자유롭게 토론하고 강연을 들으며 배워가는 자리입니다.

안녕하세요! 중앙대 통일외교안보동아리 한미연에서 2024-1학기 회원을 모집합니다!

🏫2024-1학기 활동계획🏫

✅ 매주 목요일 오후 6시 정기 스터디 필수 참석
✅ 대학생 안보토론대회, 통일토론 경연대회 등 외부대회 준비
✅ 다른 대학교와의 연합세미나
✅ ‘통일대학생동아리연합' 등 연합 워크숍/행사/활동 참여
✅ 뒷풀이, MT 등
✅ 한 해 활동을 돌아보고 ➕ 자신의 글이 실려있는 자랑스러운 문집 제작

- 최근 한반도 정세에 관심이 생겼다!
- 국제정치와 통일, 외교, 안보에 대해 공부해보고 싶다!
- 대외활동+연합활동으로 외부 학생들과 같이 활동하고 싶다!
- 잘 몰라도! 하나도 몰라도! 다양한 사람들과 같이 배워볼 생각있다

>한미연 Recruiting Schedule<

🌱 모집기간: 2024학년도 2학기 개강 전까지!
🌱 지원방법: 카카오톡 플러스친구 '한반도미래연구회'로 이름/학과/번호/간단한 지원동기를 보내주세요~
🌱 기타 문의사항: 회장 허준서 📢010-8807-0652로 연락바랍니다!

인스타그램 ‘2024_hanmiyeon’

https://www.instagram.com/2024_hanmiyeon?igsh=OGQ5ZDc2ODk2ZA%3D%3D&utm_source=qr

좋아요 누르고 소식을 받아보세요!
기존 활동내역도 확인하실 수 있습니다!

한반도 평화, 미래에 관심있는 중앙대학교 학생들의 많은 지원 부탁드립니다",2024_hanmiyeon,https://www.instagram.com/2024_hanmiyeon?igsh=OGQ5ZDc2ODk2ZA%3D%3D&utm_source=qr(인스타그램)              // https://forms.gle/Zu5hH61tptzzvLp78 (9월 12일 특강 프로그램 참가 신청 폼),예
13,CUAI (쿠아이),학술,무소속,연합(무소속) 학회,"인공지능 관련 스터디, 프로젝트, 컨퍼런스",20000,1학기,화,7:00:00 PM,,310관 619호 (변동 가능),50,"재학생(휴학생 제외), 휴학생, 신입생, 졸업생","지원서를 토대로 선발, 면접을 토대로 선발, 면접 전, 과제 수행 또는 강의 수강 필요",한 학기 단위 모집,중앙대학교 인공지능학회,"CUAI는 다양한 전공의 사람들이 모여 인공지능에 관한 스터디와 프로젝트를 통해 얻은 지식과 경험을 공유하며, 회원들 간의 소통을 촉진하는 다양한 활동을 진행하고 있습니다.

매년 2월, CUAI는 한 학기 동안 특정 도서를 함께 공부하는 Basic Track과 프로젝트를 진행하는 Advanced Track으로 나누어 신입 회원을 모집합니다. 이렇게 각자의 역량에 맞춰 CUAI에 참여할 수 있으며, 2학기에는 모든 회원이 Advanced Track으로 전환되어 한 학기 동안 습득한 지식을 바탕으로 프로젝트를 진행하게 됩니다.

또한, 매 학기마다 회원들이 원하는 주제의 스터디를 개설해 함께 공부할 수 있으며, 하계와 동계 방학에는 컨퍼런스를 열어 팀을 꾸려 논문을 작성하고, 심사를 통해 우수한 논문을 시상합니다.

훌륭한 데이터 과학자이자 인공지능 공학자가 되기 위해, CUAI와 함께 성장해나갈 예비 학회원 여러분을 진심으로 환영합니다.","‼️🚨[D-day]🚨 ‼️🎉 중앙대학교 인공지능 학회 CUAI 7기 모집 🎉
❤️ 교내 유일의 인공지능 학회 CUAI에서 7기를 모집합니다 ❤️

🤚 인공지능, 데이터 분석에 관심이 있지만 어떻게 공부할지 모르겠다!
🤚 머신러닝, 딥러닝을 공부하고 있으나 혼자 하기 어렵다!
🤚 다양한 사람들과 공모전과 연구 활동 및 프로젝트 경험을 쌓고 싶다!
🤚 NIPA 고성능 GPU 서버를 사용하고 싶다!

🔎 CUAI에 대해 더 자세한 내용을 알고 싶다면 아래 모집 안내 책자 링크를 확인해주세요!
https://drive.google.com/file/d/1PgJtqOwG0hneGSf18img9seHZJi1Pr34/view?usp=drivesdk

📌 지원 자격
최소 1년 활동이 가능한 학부생/대학원생(전공, 학력 무관)
의무 활동 기간 : 2024년 03월 ~ 2025년 2월

📌 활동 일시
매주 화요일 19시-20시 30분
(시험 기간에는 2-3주간 휴식기가 있습니다)
👉 OT의 경우 [3월 5일 화요일 19시]에 진행할 예정입니다.

📌 모집 부분
<Basic track 00명>
- Python을 활용할 수 있으나 머신러닝을 접해보지 않으신 분

<Advanced track 00명>
- 머신러닝에 대한 기본 지식이 있으신 분 혹은 CUAI 1~6기 수료자

*2학기부터는 두 track이 통합되어 운영됩니다.(자세한 내용은 책자를 확인해주세요)
*면접 진행 후 운영진 판단에 따라 지원한 트랙과 다른 곳으로 배정될 수 있습니다.

📌 지원 방법
온라인 지원
https://forms.gle/HKFAk5N7HJzcNUtH7
또는 포스터 QR코드 스캔

📌 모집 일정
서류 지원 : 01.18(목) ~ 02.01(목) 23:59
서류 발표 : 02.05(월) 18:00 이후
사전 미션 : 서류 합격 발표 시 ~ 02.13(화) 23:59
면접 : 02.16(금) ~ 02.18(일)
최종 발표 : 02.23(금) 18:00 이전

📌 문의사항
카카오톡 플러스 친구
'중앙대학교 인공지능학회 CUAI'
또는 아이디 검색 cuai_bigdata

📌 CUAI 소식
Github : https://github.com/CUAI-CAU
YouTube : https://m.youtube.com/channel/UC0N165IcC5w3iPb6z-Oi7fQ
블로그 : https://blog.naver.com/cuaibigdata
카페 : https://cafe.naver.com/cuaibigdata

🚨 CUAI는 학기당 2만원을 회비로 걷고 있습니다. 회비 사용 내역은 세션과 카카오톡 문의를 통해 확인할 수 있으며 투명하게 사용됨을 알려드립니다.",없음,https://github.com/CUAI-CAU (깃허브) https://www.youtube.com/@cuai177(유튜브) http://blog.naver.com/cuaibigdata/223165684355(네이버 블로그),예
14,Find-A(파인드알파),학술,무소속,연합(무소속) 학회,금융공학 학술 스터디,"50000, 30000",1학기,토,1:00:00 PM,,"비대면으로 진행, 다만 이번 기수부터 매달 마지막주 대면스터디 진행",36,"재학생(휴학생 제외), 휴학생, 신입생, 졸업생, 대학원생","지원서를 토대로 선발, 면접을 토대로 선발",한 학기 단위 모집,금융데이터분석학회 FIND-A,"FIND-A(파인드 알파)는 2020년 설립되어 약 50명의 학부, 석사, 박사과정생과 현직자가 활동 중인 금융데이터분석학회입니다. 

FIND-A는 Financial Data Analysis의 약자로, 금융 산업 전반의 디지털 전환에 발 맞추어 디지털 금융 역량을 지닌 인재를 양성하는 것을 목표로 하고 있습니다. 

나아가, 한국정보처리학회와 MUFFIN@AAAI23 등 국내외 학회에 저희 연구 결과물을 출판하며 연구 일선에도 기여하고 있습니다.

FIND-A의 신입 학회원은 한 학기 동안 매주 토요일 1시부터 5시(4시간)에 아래의 커리큘럼 중 하나 이상을 필수적으로 이수하게 됩니다.","금융데이터분석학회 FIND-A에서 2024년 하반기 학회원을 모집합니다!

FIND-A(파인드 알파)는 2020년 설립되어 약 50명의 학부, 석사, 박사과정생과 현직자가 활동 중인 금융데이터분석학회입니다. 

FIND-A는 Financial Data Analysis의 약자로, 금융 산업 전반의 디지털 전환에 발 맞추어 디지털 금융 역량을 지닌 인재를 양성하는 것을 목표로 하고 있습니다. 

나아가, 한국정보처리학회와 MUFFIN@AAAI23 등 국내외 학회에 저희 연구 결과물을 출판하며 연구 일선에도 기여하고 있습니다.

FIND-A의 신입 학회원은 한 학기 동안 매주 토요일 1시부터 5시(4시간)에 아래의 커리큘럼 중 하나 이상을 필수적으로 이수하게 됩니다.

*모집 파트*

1. Financial Data Analysis
- 계량경제학(Econometrics)은 경제이론, 경제수학, 통계학을 포괄하는 분야로 경제이론을 실증적으로 검증하는데 초점을 맞추고 있습니다. 
- Financial Data Analysis 팀은 회귀분석과 시계열 분석 등 금융공학 전반에서 널리 사용되는 분석 기법들에 대한 학문적 기초를 학습하고 파이썬을 활용해 실습을 진행합니다.

2. Understanding of Risky Assets
- 금융투자상품은 투자성(원본 손실 가능성)을 전제로 하며 원본 초과손실 가능성을 기준으로 증권과 파생상품으로 나뉩니다. 
- Understanding of risky assets에서는 증권에 속하는 주식과 채권, 파생상품에 속하는 선물옵션의 시장과 상품구조, 가치평가 방식을 학습합니다.

3. Asset Pricing
- 자산 가격 결정론(asset pricing)은 위험자산 수익률의 횡단면 차이에 대한 연구 문헌을 말합니다. 
- Asset pricing 팀은 효율적 시장가설, 포트폴리오 이론과 자산배분 방법론, 팩터 인베스팅에 대한 학습을 진행하고 파이썬을 통한 실증 프로젝트를 진행합니다.

4. Financial NLP(Natural Language Processing)
- 자연어 처리(NLP)는 언어의 형태로 존재하는 데이터를 가공하고 분석하는 학문으로 최근 GPT-3, ChatGPT등의 등장으로 관심을 모으고 있습니다. 
- NLP팀에서는 사전 학습된 언어 인공지능을 활용하여 금융 텍스틀 가공하고 분석하는 방법을 학습합니다.

-------

*활동 기간 및 시간*

- 활동 기간 : 최소 1년(2024.08~ 2025.07)
- 활동 시간 : 매주 토요일 오후 1시 ~ 오후 5시 (약 **4시간**)
- 오티 일정 : 7월 27일 (토) 오후 3시 예정

* 중간발표, 파이널 컨퍼런스와 같이 추가적인 대면 일정은 추후 공지 예정 * 

- 전체 대면 일정을 제외한 모든 세션은 온라인으로 진행되며, 추후 상황에 따라 오프라인 세션으로 진행될 수 있습니다.

- 매 학기 팀별로 수료 프로젝트가 존재합니다. 해당 내용은 학회 홈페이지에서 확인하실 수 있습니다.

** ‘출석 + 프로젝트 참여’를 포함하여 1년간 성실히 임한 학회원에게 활동 증명서 및 수료증이 발급됩니다. **

FIND-A의 기존 학회원은 프로젝트팀과 랩에 소속되어 금융공학과 그 유관 분야에 대한 심화학습과 연구를 진행합니다. 이후 컨퍼런스를 통해 각자의 프로젝트를 발표 및 공유하는 시간을 갖습니다.

1. 프로젝트 팀
: 프로젝트 팀은 한 학기 동안만 운영되는 심화 학습 과정입니다. 학기 말 수요 조사를 통해 개설 여부가 결정되며, 지난 프로젝트 팀들은 다음과 같습니다.
- Research Review
- MLfinLab
- Running Mate
- 알고리즘 트레이딩

2. Find-A Institute of Technology(FIT)
: FIT은 석사 및 박사과정생들과 현직자 8명으로 이루어진 Find-A의 부설 연구 단체로 금융과 접목이 가능한 ML & DL 분야의 지평을 탐구하고 직접 넓혀 나가는 것을 목표로 하고 있습니다.  (상시 모집, 자세한 사항은 홈페이지 참고)

수상 및 연구 내역 :

- ESG Classification by Implicit Rule Learning via GPT-4 (Accepted at FinNLP@LREC-COLING 2024) 
- 2024 DB 금융경제공모전 경제분야 장려상
- 2024 DB 금융경제공모전 증권/자산운용분야 가작
- 2023 WorldQuant IQC 국내 1위
- 2023 WorldQuant IQC 국내 2위
- 2023 KRX 전국 대학생 증권 · 파생상품 경시대회 1위
- 2023 신한빅데이터해커톤 신한투자증권 부문 우수상
- Beyond Classification: Financial Reasoning in State-of-the-Art Language Models. (Accepted at FinNLP@IJCAI2023 as Long Paper)
- 제13회 DB금융경제공모전(DB FEC). 우수상(2023)
- 제13회 DB금융경제공모전(DB FEC). 장려상(2023)
- EaSyGuide : ESG Issue Identification Framework leveraging Abilities of Generative Large Language Models. (Accepted at FinNLP@IJCAI2023 as Short Paper)
- Removing Non-Stationary Knowledge From Pre-Trained Language Models for Entity-Level Sentiment Classification in Finance. MUFFIN@AAAI2023.
- 특허 출원 및 인용 추이와 주식가치. 한국지능정보시스템학회 2023 춘계학술대회.
- NH 투자증권 빅데이터 경진대회 우수상(2023)
- 하나금융그룹 디지털 파워 온 1기 우수상(2023)
- 신한 빅데이터 해커톤 신한투자증권 우수상(2023)
- SKT/SKT AI FELLOWSHIP 장려상(2022)
- 신한금융그룹 빅데이터 해커톤 준우승(2022)
- 체인베스트 토크노믹스 해커톤 우수상(2022)
- FSI Data Challenge. 금융위원회 위원장상(2022)
- 통계청 통계데이터 인공지능 활용대회 최우수상(2022)
- 마이 핀테크 서비스 개발 경진대회 최우수상(2022)
- 제 1회 대학생 투자 재능 발굴 프로젝트 베스트 애널리스트상(2022)
- 제 12회 DB금융경제공모전 가작(2022)
- 제 1회 에프엔가이드 금융 빅데이터 아이디어 경진대회 대상(2021)
- 제 11회 DB금융경제공모전 가작(2021)
- 제 35회 매일경제신문 대학(원)생 경제논문 공모전 가작(2021)
- 한국정보기술학회 하계학술대회 대학생논문 금상(2021)
- KRX 증권 파생상품 경시대회. 우수상(2020)
- 제 4회 미래에셋대우 빅데이터 페스티벌 우수상(2020)
- 제 10회 DB금융경제공모전 우수상(2020)
- 한국자원경제학회 제19회 논문경진대회 장려상

-------

*학회 페이지*

- https://findagroup.notion.site/FIND-A-80265664ef02435996a05731a077975a?pvs=4
- https://find-a-ai.github.io/

-------

*지원 방법*

홈페이지 → etc/recruiting info 참고
제출: finda.recruitment@gmail.com

학회 지원시 운영진과 일반 학회원 지원을 따로 받고 있습니다. FIND-A의 운영진에는 운영부, 기획홍보부, 학술부, HR부가 있으며, 운영진으로 합격하신 지원자분들은 각 팀에 배정됩니다. 

첫 번째 학기에는 다른 일반 학회원분들과 같이 세션에 참여하는 동시에 선배 기수와 함께 학회를 운영하고, 2번째 학기에는 학회 전체를 주도적으로 운영하는 역할을 맡게 됩니다.

-------

*모집 일정*

- 서류접수: ~ 7/13(토) 23시 59분
- 서류 결과 발표 및 면접 안내: 7/18 (목)
- 면접: 7/20(토) ~ 7/21(일) *비대면으로 진행
- 최종 결과 발표 : 7/23 (화) 오후 5시 이후
- 9기 신입회원 전체 OT : 7/27 (토) 오후3시 *대면으로 진행

※ 기타 문의 사항은 카카오톡 채널 **""FIND-A""** 또는 메일을 통해 문의해주세요

-------

*Contacts*

- E-mail : finda.recruitment@gmail.com
- Kakaotalk : https://pf.kakao.com/_raUJK

-------

***FAQ***

Q1. 지원 자격이 어떻게 되나요?
A1. 금융권 커리어에 대한 관심과 더불어 퀀트 및 데이터 분석에 관심이 있고 필수 활동 기간 동안 세션에 열정적으로 참여할 수 있으신 분과 함께하고자 합니다. 전공 제한 역시 없습니다!

Q2. 지원 과정은 비대면으로 이루어지나요?
A2. 네. ‘지원서/코딩테스트 -> 면접’으로 진행될 예정입니다.

Q3. 필수 활동 기간이 있나요?
A3. 필수 활동 기간은 1년(2학기) 입니다.

Q4. 수료생 및 졸업생도 지원 가능한가요?
A4. 네 가능합니다. 대학생, 대학원생 및 직장인도 지원할 수 있습니다.

Q5. 온라인으로 학회가 진행되나요?
A5. 온라인으로 진행될 예정이나 일부 일정은 대면 모임으로 진행됩니다

Q6. 코딩테스트를 모두 풀어야 지원이 가능할까요?
A6. ‼️모두 풀지 않아도 지원 가능합니다.‼️ 지원자분들의 전체적인 코딩 실력을 파악하여 커리큘럼에 반영하고자 진행되는 테스트입니다.",.,위에 첨부,아니요
15,대체투자학회 KAIC,학술,무소속,연합(무소속) 학회,"학회 - IM작성 프로젝트, 임장스터디, 홈커밍데이",30000,1학기,"화, 금",7:00:00 PM,,310관 혹은 서라벌관 강의실 (매 세션마다 다릅니다),23,"재학생(휴학생 제외), 휴학생, 신입생, 졸업생","지원서를 토대로 선발, 면접을 토대로 선발, 1차 서류 - 2차 면접",한 학기 단위 모집,중앙대학교 유일 대체투자학회 KAIC,"KAIC은 중앙대학교 최초이자 유일의 대체투자학회로 자산운용사, 증권사, 시행사, 신탁사, 컨설팅사, VC 등 여러 분야에서 두각을 드러내고 있습니다.
 
삼성증권 우수학회 선정, URECA(건국대, 고려대, 서울대, 연세대, 중앙대) 부동산 학회 연합 참여로 더 높은 곳을 향해 나아가는 KAIC와 함께 대체투자분야의 리더가 되실 분들을 모시고자 합니다.","중앙대학교 유일 대체투자학회 KAIC에서 24-2학기 신입회원을 모집합니다!
 
🔸2024.08.25 23시 59분 마감🔸
 
KAIC은 중앙대학교 최초이자 유일의 대체투자학회로 자산운용사, 증권사, 시행사, 신탁사, 컨설팅사, VC 등 여러 분야에서 두각을 드러내고 있습니다.
 
삼성증권 우수학회 선정, URECA(건국대, 고려대, 서울대, 연세대, 중앙대) 부동산 학회 연합 참여로 더 높은 곳을 향해 나아가는 KAIC와 함께 대체투자분야의 리더가 되실 분들을 모시고자 합니다.
 
 
<지원 일정 및 자격>
 
- 1차 서류접수 : 08/12~08/25 23:59
- 1차 합격자 발표 : 08/28
- 2차 면접: 08/31, 09/01 (양일 중 택 1)
- 최종 합격자 발표 : 09/02 (학회 홈페이지 게재 및 개별 연락)
- OT : 09/03(필수 참여)
 
- 지원 자격 : 중앙대학교 재학생(전공/학년 무관, 휴학생 가능) 및 졸업생 누구나
 
<지원서 작성 및 송부>
 
- 지원서 양식 다운로드 : https://cafe.naver.com/koreaaiclub/1117
- 지원서 송부처 : forthenextkaic@gmail.com (08/25 23:59까지)
 
 
<활동 기간 및 요일>
 
- 2024.09 ~ 2024.12
- 주 2회(화/금) 대면세션 진행 19:00-22:00
*1학기 이상 활동 필수, 2학기 이상 활동 시 수료증 수여 및 KAIC 네트워크 가입 가능
**중간/기말고사 기간 포함 2주 휴회
 
 
<최종합격자 유의사항>
 
- OT(9.3) / 정장 프로필 촬영(9월말 예정) / 워크샵(11.2~3) 필수 참여
- 매주 화/금 19:00-22:00에 진행하는 대면세션 모두 참여
- 정장 프로필 사진 촬영 예정(정장 대여 가능)
- 학회 활동 비용 : 30,000원(프로필 촬영비 및 워크샵 비용 별도)
 
 
<활동내용>
 
A. 정규활동
 
a. Junior Project : 대체투자영역에 첫 발을 내딛는 신입회원들이 PM사 레포트 분석 및 실물 시장 트렌드 파악 / PF 시장 트렌드 파악 / IM 분석 발표 등의 주제로 팀 Project를 진행
 
b. 교육세션 : 기존회원의 주도하에 부동산금융기초교육 / 개발,실물,인프라 섹터교육 / 기업금융 기초교육 / Weekly Update 등의 대체투자의 전반에 대한 이해를 목표로 교육 진행
 
c. 현직자 대면세션 : 학회 출신의 졸업 현직자들과 만나며 대체투자 및 부동산 금융업계와 커리어 패스에 대한 이해도 향상
 
d. IM Project : 한 학기 활동의 메인 Project로 PF 팀, 실물운용팀, 인프라팀 중 한 개의 팀에 배정받은 후 투자제안서(IM) 양식에 맞춰 오피스/물류센터/공동주택/데이터센터 등 실물 자산의 운용 및 개발 프로젝트를 진행
 
1) PF팀 : 부동산 개발 사업 투심보고서 및 PF대출에 투자하는 펀드 IM을 제작합니다.
2) 실물운용팀 : 실물자산을 매입하여 운용하는 IM을 제작합니다.
3) 인프라팀 : 인프라 자산(태양광 발전소, 데이터센터 등)을 개발 및 운용하는 펀드 IM을 제작합니다.
 
 
B. 스터디 : 선택참여 및 자율운영
 
- 임장 스터디 [라디우스]
- EXCEL 스터디
- 부동산신탁 스터디
- 시사토론 스터디
 
*직전학기에는 많은 학회원이 학기 중 정규활동과 임장 스터디 [라디우스] 활동을 병행
 
 
C. 네트워킹
 
- 워크샵 : 중간고사 후 1박 2일의 워크샵 진행
- 신년회&홈커밍데이 : 졸업 현직자와 함께하는 네트워킹 데이
- URECA : 건국대, 고려대, 서울대, 연세대, 중앙대 5개교 부동산 학회 연합
- 서울 부동산학회 연합: 건국대, 고려대, 서강대, 서울대, 성균관대, 연세대, 중앙대, 한양대 8개교 부동산 학회 연합
*24-1학기 기준, 약 100명이 넘는 학회원들이 모여 교류행사를 진행. 24-2학기 일정 조율 중
- 현직자 멘토링 프로그램 : 본교 출신 부동산 금융업계 현직자와 학회원들간 상호 교류
- 매일경제TV <MZ도생> 7회(2023.07.24) 출연
(https://mbnmoney.mbn.co.kr/program/vod?program_no=1000136&menu_no=535&broadcast_no=51712 )
 
✔️보다 자세한 활동내용은 학회 홈페이지를 참고해주시길 바랍니다.
 
✔️문의 [중앙대학교 대체투자학회 KAIC] 카카오톡 채널 @koreaaiclub
 
<CONTACT>
*학회 홈페이지: https://www.kaic.site
(PC 접속을 권장합니다.)
*학회 인스타그램: https://www.instagram.com/kaic_official
*학회 네이버카페: https://cafe.naver.com/koreaaiclub",kaic_official,"https://www.kaic.site (홈페이지) , https://cafe.naver.com/koreaaiclub (네이버카페)",예
16,(중)앙상추,취미,동아리연합회,동아리연합회 소속 중앙동아리,"텃밭 가꾸기, 꽃시장 방문 후 모종 구매, 친해지길 바라, 상추 문화의 날, 엠티, 각종 소모임",25000,1학기,정기모임 없음,,"매월 마지막 주 수요일 정기총회를 비대면으로 진행하긴 하나, 주요 활동인 텃밭 가꾸기 활동은 시간 맞는 부원들끼리 유동적으로 모여 진행하기 때문에 정확한 활동시간이 있다고 말하긴 어려울 것 같습니다.","중앙도서관 뒤 텃밭부지, 107관 412호",60,"재학생(휴학생 제외), 휴학생, 신입생","지원서를 토대로 선발, 면접을 토대로 선발",한 학기 단위 모집,중앙대학교 텃밭동아리 중앙상추,"중앙대학교 텃밭 동아리 (중)앙상추입니다. 
(중)앙상추는 교내에 있는 텃밭을 가꾸는 동아리로, 도심 속 힐링을 꿈꾸는 서울 캠퍼스 소속 중앙동아리 입니다!","🥬(중)앙상추에서 2024년 1학기 신입부원을 모집합니다🥬

안녕하세요. (중)앙상추입니다.
(중)앙상추는 교내에 있는 텃밭을 직접 가꾸는 원예동아리로 도심속 힐링을 실천하는 서울캠퍼스 중앙동아리입니다🧑‍🌾

텃밭가꾸기 활동 외에도 친해지길바라, 마니또, MT, 상추 문화의 날등 다양한 활동이 준비되어 있으니 많은 관심 바랍니다 :)

🗓️모집일정 

2.19 AM 12:00 ~ 2.26 PM 11:59 : 신입부원 모집 
2.29 : 1차합격 발표 
3.2~3.3 : 면접 (비대면)
3.4 : 신입상추 발표
3.11 PM 6:30 : 개강총회 (대면) 

🔗지원서 링크 
https://forms.gle/DkqWyq1dcuwhJsTH6

💰회비 : 학기당 25000원

   ⁃   농기구, 모종 및 비료 구매 및 동아리 운영 등에 사용됩니다. 모든 회비는 카카오뱅크 모임통장과 매달 정기적인 사용보고를 통해 투명하게 관리됩니다.

🐣신입부원의 자격은?

   ⁃   식물 키우는 것을 좋아하는 사람!
   ⁃   좋은 사람들과 나만의 텃밭을 가꾸고 싶은 사람!
   ⁃   농사에 열정이 있는 사람 누구나👻

(🌱새싹 상추는 약 35명 뽑을 예정입니다!)

❓문의

언제나 편하게 문의사항 연락 주세요 :) 전화, 문자, 카톡, DM등 다 좋습니다
대왕상추(경영20 이정웅) : 010-5240-6712
왕상추(간호23 조해연) : 010-4360-6181

인스타그램 @chunganglettuce_official

카카오톡 플러스 채널 중앙상추 검색 

많은 참여 부탁드립니다🧑‍🌾 (모집기간 꼭! 확인하기)",chunganglettuce_official,,예
17,산악부,취미,동아리연합회,동아리연합회 소속 중앙동아리,"등산, 암벽등반, 볼더링 & 인공외벽(클라이밍), 종주","40000, 25000",1학기,"수, 금, 유동적",6:30:00 PM,"평일 정기운동: 저녁타임, 주말: 일정에 맞게 시작시간 및 활동시간 변동","서울 볼더스, 응봉암벽장, 강남스포츠클라이밍센터, 교대 더클라이밍, 북한산, 관악산 등",45,"재학생(휴학생 제외), 휴학생, 신입생",지원서를 토대로 선발,한 학기 단위 모집,중앙대학교 중앙동아리 소속 산악부/ 대학산악연맹 소속 산악부," - 중앙대학교 중앙동아리 산악부
 - 등산, 암벽등반, 종주, 실내클라이밍 등 산악활동과 관련된 활동들을 하고 있습니다. 평일에는 볼더링, 인공외벽 리딩 등반 등 클라이밍 위주로 서울 시내에서 정기운동을 진행하고 있고 주말에는 암벽등반, 등산 등의 활동을 하고 있습니다. 단지 단조로운 활동이 아닌 다이나믹하고 다양한 활동들을 통해 체력증진, 친목도모를 할 수 있습니다. 또한 매 방학마다 국내 유명 국립공원으로 종주를 가고 있습니다.(ex.설악산, 지리산, 한라산, 덕유산 등). 
 - 정기 회식은 없지만 번개 모임 등을 통해 산악 활동만이 아닌 술자리 같은 사적모임을 통해 새로운 사람들을 만날 수 있습니다.
 - 대학산악연맹 소속 산악부이고, 매 분기마다 실시하는 아카데미를 통해서 타대학 산악부와 교류할 수 있습니다. 
 - 1958년 창설된 동아리로 오랜 역사를 자랑합니다. 졸업생 OB 선배님들과도 정기적 모임을 가지며 교류 중입니다. ","⛰️중앙대 산악부 CAUAC 신입부원 모집🏔️

중앙대 산악부 CAUAC 신입부원을 모집합니다.

📣모집대상
✔️자연과 산을 좋아하시는 분들
✔️볼더링과 클라이밍을 경험하고 싶은 분들
✔️자연 암벽등반을 하고 싶은 분들
✔️다이나믹한 운동을 해보고 싶은 분들
✔️졸업 후에도 같이 활동하고 싶은 분들

📣활동안내
✔️워킹•종주🏔️
✔️클라이밍•볼더링 • 빙벽• 자연암벽등반🧗‍♀️
(산악부는 등산뿐만 아니라 실내클라이밍, 암벽등반 등 다양한 활동을 합니다.)
✔️방학 기간 중 종주( 3~5일 내의 종주. ex.설악산, 지리산, 한라산 등)

📣정기운동 안내 
✔️실내 클라이밍: 화,목
✔️등반, 워킹: 각 토,일 중 1일 
 필수참여 X 

📣동아리혜택
✔️서울볼더스 볼더링 1만원(50% 할인)으로 이용 가능
✔️교대 클라이밍짐 일일 이용권 할인 이용 가능(5000원)
✔️암벽화, 등산가방 그리고 각종 등반장비 대여 가능
✔️대학산악연맹 춘계/하계/추계/동계 아카데미 교육 참여 기회 제공
✔️한국대학산악연맹 소속으로 타대학과 활발한 교류
✔️해외 원정 기회 제공

📣초보자 환영/문의⬇️
✔️인스타: @cauac_yb
✔️대장: 010-2103-9739
✔️중앙대학교 서울캠퍼스 107관 112호 산악부 동아리방

📣모집 일정 및 방법📣
✔️ 구글폼으로 지원서 작성  (https://forms.gle/EQCwuT7GGf5Bsptx8)

✔️1차 모집기간: 8/17(토) ~ 8/31(토)  

✔️1차 모집기간 중 지원자 -> 서류 검토 후 9/1(일)에 문자 통보, 신입회비 입금시 바로 톡방에 초대해드립니다.

📣유의사항
⚠️4만원의 신입부원 회비가 있습니다. 회비는 각종 등반장비 구매 및 활동비로 투명하게 사용됩니다.
⚠️등산 활동만 하는 동아리가 아닙니다. 인스타를 통해 산악부 활동모습을 보다 구체적으로 확인하실 수 있습니다.
⚠️포교활동, 사상 강요 등 부적절한 목적으로 동아리 가입 시 회장 권한으로 퇴출 조치될 수 있습니다
",@cauac_yb,,예